name,latitude,longitude
3B Mart, 0.22449427745438535, 73.13666019812727
Aazaadhee villa,0.222405341,73.13917811
Abhareege, 0.22379901840503835, 73.1334070324093
Ablagheege, 0.22447698761085347, 73.13732118257205
Andhunge, 0.2228629333774393, 73.13585105107998
Annarumaage, 0.22445281164686343, 73.13655972251486
Anoana,0.221405632,73.13927574
Araakuri, 0.22123115562280415, 73.13817007826474
Asaree Aage, 0.2228515628466175, 73.13458718609796
Asareege, 0.2232736748326776, 73.13465742420023
Asrafeege, 0.22326622096401097, 73.13480249098207
Asseyri, 0.2258609523421424, 73.13645232222507
Asurumaage, 0.22140028922852398, 73.13477479297178
Athireeaage,0.222745459,73.1377355
Athireege,0.222859452,73.13727818
Bahaaruge, 0.22401922803626728, 73.1363193272707
Bashige, 0.22334792443423776, 73.1343264363836
Beach Star, 0.2270555360687717, 73.13599420652878
Beauty Corner, 0.22200314450331698, 73.13506489331942
Blue Heaven, 0.22402453874969916, 73.13237963681078
Blue House, 0.2239899785636721, 73.13652992508285
Blue Sea,0.221109511,73.13932568
Boat craft maldives pvt,0.22022916,73.1395681
Bode magu kodaa,0.224189947,73.13135118
Boduge,0.22307671,73.13641585
Bulbulaage, 0.22465461992367328, 73.13649532005779
Busthaan, 0.22070967996852434, 73.13741644765288
Chaandhanee, 0.22673060032517434, 73.13514872031492
Childrens park,0.224199292,73.13777887
Coma, 0.22435514818386745, 73.13690746815735
Copyge, 0.22297223927594803, 73.13592662145899
Coral Garden, 0.22207871356832992, 73.1355595857932
Coral Rose, 0.22171255973590787, 73.13858268969707
Councilge Idhaaraa,0.223823766,73.13793629
Court,0.224162569,73.13716692
Daisy Villa, 0.22179206594528833, 73.13484946247425
Daisymaage,0.223068663,73.13656874
Dhandikosheege, 0.22290527264401455, 73.13622214727083
Dhelivaru, 0.22356020667486495, 73.13338086910096
Dheraha, 0.22200435630816162, 73.13567625466132
Dheriya,0.221599379,73.13904711
Dhoogas, 0.2223439370819674, 73.13560521212709
Dhoores,0.222251986,73.13557011
Diamond Villa, 0.22389931749660288, 73.13199179579368
Dilbahaaruge, 0.2233952397834687, 73.13519826302807
Donefresh, 0.22212249506685267, 73.13517003627219
Dreamy Light, 0.22379670563675103, 73.13231702569584
EasyRest, 0.22681324761857813, 73.13598165729125
Edhuruge, 0.22400954563766534, 73.13538753546533
Elmeniyaage,0.2229426,73.13706763
Evening Garden, 0.22525988592668006, 73.13650694817134
Evening House, 0.22410954710485625, 73.13544375780248
Ever Green, 0.2232584755405377, 73.13706843571713
Everland,,
Fahifaru,,
Falak,0.221774397,73.13945392
Fandunuvaage,,
Fannuvilla,0.222089579,73.13898076
Feeni,0.221560487,73.13912356
Fehifarudhaage,,
Fehige,,
Fehivina,,
FENAKA Fiyoaree branch,0.221780899,73.13364209
FENAKA Office,0.223815495,73.13712818
Fine Beach,,
Finifenmaage,,
Finihiyaa, 0.22124691909945546, 73.13463946537773
Finihiyaa Manzil,,
Finiroalhi, 0.22125289556028305, 73.13738344428536
Finivaage,0.22332213,73.13663311
Finivillaage,,
Fithe Garage,0.221166385,73.13816574
Fiyoaree ATM,0.224041874,73.13792112
Fiyoaree Bode Kulhiyaa,0.215102603,73.13990066
Fiyoaree Futsal Pitch,0.21867491,73.13718608
Fiyoaree Health Center,0.22149093,73.13794043
Fiyoaree RO Building,0.22177,73.134102
Fiyoaree School,0.221869119,73.13817647
Fiyoaree STP,0.222013,73.133745
Fiyoaree Volleyball Court,0.220989975,73.13540442
Fiyoaree Waste management center,0.220618301,73.13981052
Flower House, 0.22167539072913894, 73.1347327863844
Foolhumaage,,
Funhiyaa,,
Furukumaage,,
Gadhage,0.222463983,73.13883754
Gadhakoalhimaage,,
Gahaakoalhi,,
Gaskara,,
Geruhaaba Fihaara, 0.22394902930193192, 73.13638513908698
Giulhilaashige,,
Gongali,,
Green Rose,,
Green View,,
Gulaabee Villa,,
Gulbahaaruge,,
Gulbakaage,,
Gulfaamge,,
Gulzaaruge, 0.2233167299774319, 73.13690503788513
Guraha,0.222352339,73.13950515
Haadhooge,,
Haalaafaru,,
Haaufaa,,
Hakageli, 0.22340718757537262, 73.1349903698689
Handhuvareege,,
Happy Life,,
Hasthee,0.222149349,73.13925592
Hathihaa,0.221639612,73.13882717
Heavan Beach,,
Heavenly Heaven,,
Heenaamaage,,
Heenaavilla,,
Hithahfinivaage,,
Hiyaavahi,,
Hudhu Asurumaage,,
Hukuru Miskith,,
Husnooge,,
Husnuheenaa Aage,,
Huttey kodaa,0.228277332,73.13428962
Hutuvaru kamana,0.220742,73.13405
Huvandumaage,,
Iramaage,,
Iramaahouse,,
Irudheymaage,,
Irufoheyge,,
Iruka Guest House,0.220320284,73.13717042
Javvu,0.222791057,73.13749678
Kanmatheege,,
karankaage,,
Kekuri,,
Kethi,0.222379404,73.13932133
Kiwi Sea,0.224533092,73.1374868
Kndholhuge,,
Kothange,,
Kudheenaage,,
Kudhi Liboage,,
Kulhiye Valhagan'daa,0.216424478,73.13932982
Kureege Council Idhaaraa,,
Lagoon,,
Light Fish,0.221236,73.134308
Light House,,
Likagasdhoshuge,,
Lillyge,,
Long Life,,
Maagasdhoshuge,0.223017702,73.13681684
Maagold,0.22192008,73.13852247
Maakoani,,
Maathila,,
Maavehi,,
Mahal,0.220826868,73.13613651
Malamathi,,
Malas,,
MAL Mart, 0.2229498219809929, 73.13687229505479
Manzaruge,,
Marine Villa,,
Marvelous,,
Masjidhul Eemaani,0.222145942,73.13625364
Masjidhul Noorul Eemaani,0.225276378,73.13674163
Masjidhul Zikuraa,0.223615456,73.13416418
Masthakaage,,
Meenaazu Villa,,
Meenas,,
Memoring,,
Mirusge,,
Miskithdhoshuge,,
Miyaheli,0.22220799,73.13911947
Moon Light, 0.22490190084057748, 73.1356511198074
Morning House,,
Mugurige,,
Muraka,,
Naadhiyaage,,
Naares,,
Narugis Villa,0.221634559,73.13941896
Naseemee Hiya,0.221042,73.134575
Neat Villa, 0.2250086614086406, 73.13570376926045
Nelshan Villa, 0.22393410117913878, 73.13275878183042
Nelun,,
Niyami,,
Nookuri,,
Noomuraka,,
Nooraaneemaage,,
Nooranee Villa,0.221958792,73.13875609
Nooranmaage,,
Norate Villa, 0.22462403086524815, 73.13559408289994
Olhaadaa,0.224685993,73.13383647
Orchid maage, 0.22323960298367296, 73.13584901513477
Orchid villa, 0.22656277264937993, 73.13560609117626
Penamaa,,
Peris, 0.221722606592426, 73.13843499980047
Police Station, 0.2220323121273908, 73.13537286589434
Pump Station 1, 0.22395497138638304, 73.13187179117736
Pump Station 2, 0.22555240145083907, 73.13598122588473
Pump Station 3, 0.22286940638246894, 73.13825161402124
Pump Station 4,0.220701693,73.13561874
Raastha,,
Rabaru cafe,0.222695293,73.13858304
Rain water plant,0.223741122,73.13725834
Raivilla, 0.22384192442254008, 73.1321448451594
Rangal, 0.22232567519064733, 73.13538316387913
Real,,
Reef view,0.221524042,73.13937949
Reegal, 0.22389236076176233, 73.13308227253525
Reethigasdhoshuge,0.221844799,73.13889155
Reyalivaage,,
Rihidhoadhi,,
Rio,,
Riveli, 0.22150855049513188, 73.13484020130892
Roashaneege,,
Rockhil,,
Rose House,,
Saadha Hayeh, 0.22175082954199013, 73.13856874060254
Saayaa,,
Saimaage, 0.22191008225496503, 73.13491249438485
Saljamge,,
Samaa,,
Saman,,
Sandal Wood,,
Saveyraa,,
Schooldhoshuge,,
Shaathubaau,,
Snow flaks,,
Snow Villa,,
Snow White,,
Solar,,
Sosunge,,
Stadiumge,,
Sun Light,,
Sunflower,,
Sunset View,0.224189947,73.13135118
Sweet Dreams,,
Thari,,
Tharivilla,0.220527013,73.1373468
Theveli,,
Thibrozge,,
Udhares,0.223252393,73.13625358
Udhares Supermart,0.223133036,73.13616372
Vaadhee Rose, 0.22421847818247645, 73.13179341890913
Vaarey villa, 0.22156268112814323, 73.13493944154456
Vaijeheyge,,
Vainujeheyge,0.220749108,73.13637928
Vashafaru,,
Veenas,,
Veenasaage,,
Veevaru,0.221585968,73.1389291
Vesaa,0.220942625,73.13653322
Veshi,,
Vidhuvaru,,
Vilares,,
Vinagandu,,
Wind Screen,,
Winter,,
Yesmeen,,
Youth Center,0.221187221,73.13581029
Zameen, 0.22161504147902397, 73.13461611029456